{
  "build": "haa95532_0",
  "build_number": 0,
  "channel": "https://repo.anaconda.com/pkgs/main/win-64",
  "constrains": [],
  "depends": [],
  "extracted_package_dir": "C:\\Users\\Admin\\.conda\\pkgs\\ca-certificates-2023.05.30-haa95532_0",
  "features": "",
  "files": [
    "Library/ssl/cacert.pem",
    "Library/ssl/cert.pem"
  ],
  "fn": "ca-certificates-2023.05.30-haa95532_0.conda",
  "legacy_bz2_md5": "84d5de9a1bd8d4319cff87164d8c0db9",
  "legacy_bz2_size": 161207,
  "license": "MPL-2.0",
  "license_family": "Other",
  "link": {
    "source": "C:\\Users\\Admin\\.conda\\pkgs\\ca-certificates-2023.05.30-haa95532_0",
    "type": 1
  },
  "md5": "b448927cdddc2177eb8b55a82ca9623f",
  "name": "ca-certificates",
  "package_tarball_full_path": "C:\\Users\\Admin\\.conda\\pkgs\\ca-certificates-2023.05.30-haa95532_0.conda",
  "paths_data": {
    "paths": [
      {
        "_path": "Library/ssl/cacert.pem",
        "path_type": "hardlink",
        "sha256": "5fadcae90aa4ae041150f8e2d26c37d980522cdb49f923fc1e1b5eb8d74e71ad",
        "sha256_in_prefix": "5fadcae90aa4ae041150f8e2d26c37d980522cdb49f923fc1e1b5eb8d74e71ad",
        "size_in_bytes": 215902
      },
      {
        "_path": "Library/ssl/cert.pem",
        "path_type": "hardlink",
        "sha256": "5fadcae90aa4ae041150f8e2d26c37d980522cdb49f923fc1e1b5eb8d74e71ad",
        "sha256_in_prefix": "5fadcae90aa4ae041150f8e2d26c37d980522cdb49f923fc1e1b5eb8d74e71ad",
        "size_in_bytes": 215902
      }
    ],
    "paths_version": 1
  },
  "requested_spec": "None",
  "sha256": "0dec48abaded64ccd17c701de9b48af8729efe7ac3d03674acce9875a381f096",
  "size": 123360,
  "subdir": "win-64",
  "timestamp": 1686154806924,
  "track_features": "",
  "url": "https://repo.anaconda.com/pkgs/main/win-64/ca-certificates-2023.05.30-haa95532_0.conda",
  "version": "2023.05.30"
}